TransactionID,TransactionDate,ProductID,ProductName,Category,Quantity,UnitPrice,TotalPrice,CustomerID,CustomerSegment,PaymentMethod
1,1/5/2023,P001,Laptop,Electronics,1,1200,1200,C101,New,Credit Card
2,1/5/2023,P005,Bluetooth Speaker,Electronics,2,80,160,C102,Existing,Debit Card
3,1/6/2023,P010,Coffee Maker,Home Goods,1,50,50,C103,New,Credit Card
4,1/6/2023,P002,Smartphone,Electronics,1,800,800,C104,Existing,Cash
5,1/7/2023,P003,Desk Chair,Furniture,1,150,150,C101,New,Credit Card
6,1/7/2023,P006,Running Shoes,Apparel,1,75,75,C105,New,Credit Card
7,1/8/2023,P007,Harry Potter,Books,3,300,900,C106,Existing,Debit Card
8,1/8/2023,P011,Blender,Home Goods,1,70,70,C107,New,Credit Card
9,1/9/2023,P004,Headphones,Electronics,1,120,120,C102,Existing,Credit Card
10,1/9/2023,P008,T-Shirt,Apparel,20,20,400,C108,Existing,Cash
11,1/10/2023,P009,Gaming Mouse,Electronics,30,45,1350,C109,New,Credit Card
12,1/10/2023,P012,Yoga Mat,Sports,1,30,30,C103,New,Debit Card
13,1/11/2023,P001,Monitor,Electronics,1,1200,1200,C104,Existing,Credit Card
14,1/11/2023,P005,Bluetooth Speaker,Electronics,1,80,80,C105,New,Cash
15,1/12/2023,P010,Coffee Maker,Home Goods,20,50,1000,C106,Existing,Credit Card
16,1/12/2023,P002,Smartphone,Electronics,1,800,800,C101,New,Debit Card
17,1/13/2023,P003,Desk Chair,Furniture,1,150,150,C107,New,Credit Card
18,1/13/2023,P006,Running Shoes,Apparel,5,75,375,C108,Existing,Credit Card
19,1/14/2023,P007,Cookbook,Books,1,25,25,C109,New,Cash
20,1/14/2023,P011,Blender,Home Goods,1,70,70,C102,Existing,Debit Card
21,1/15/2023,P004,Headphones,Electronics,1,120,120,C103,New,Credit Card
22,1/15/2023,P008,T-Shirt,Apparel,3,20,60,C104,Existing,Credit Card
23,1/16/2023,P009,Gaming Mouse,Electronics,20,45,900,C105,New,Cash
24,1/16/2023,P012,Yoga Mat,Sports,1,30,30,C106,Existing,Debit Card
25,1/17/2023,P001,Monitor,Electronics,1,1200,1200,C107,New,Credit Card
26,1/17/2023,P005,Bluetooth Speaker,Electronics,1,80,80,C108,Existing,Cash
27,1/18/2023,P010,Coffee Maker,Home Goods,1,50,50,C109,New,Credit Card
28,1/18/2023,P002,Console,Electronics,1,800,800,C101,New,Debit Card
29,1/19/2023,P003,Desk Chair,Furniture,1,150,150,C102,Existing,Credit Card
30,1/19/2023,P006,Running Shoes,Apparel,5,75,375,C103,New,Credit Card
31,1/20/2023,P007,Cookbook,Books,10,25,250,C104,Existing,Cash
32,1/20/2023,P011,Blender,Home Goods,30,70,2100,C105,New,Debit Card
33,1/21/2023,P004,Headphones,Electronics,1,120,120,C106,Existing,Credit Card
34,1/21/2023,P008,T-Shirt,Apparel,1,20,20,C107,New,Credit Card
35,1/22/2023,P009,Gaming Mouse,Electronics,1,45,45,C108,Existing,Cash
36,1/22/2023,P012,Yoga Mat,Sports,3,30,90,C109,New,Debit Card
37,1/23/2023,P001,Keyboard,Electronics,1,100,100,C101,New,Credit Card
38,1/23/2023,P005,Bluetooth Speaker,Electronics,1,80,80,C102,Existing,Cash
39,1/24/2023,P010,Coffee Maker,Home Goods,1,50,50,C103,New,Credit Card
40,1/24/2023,P002,Console,Electronics,1,800,800,C104,Existing,Debit Card
41,1/25/2023,P003,Desk Chair,Furniture,1,150,150,C105,New,Credit Card
42,1/25/2023,P006,Running Shoes,Apparel,10,75,750,C106,Existing,Credit Card
43,1/26/2023,P007,Cookbook,Books,1,25,25,C107,New,Cash
44,1/26/2023,P011,Blender,Home Goods,1,70,70,C108,Existing,Debit Card
45,1/27/2023,P004,Headphones,Electronics,50,120,6000,C109,New,Credit Card
46,1/27/2023,P008,T-Shirt,Apparel,50,20,1000,C101,New,Credit Card
47,1/28/2023,P009,Gaming Mouse,Electronics,1,45,45,C102,Existing,Cash
48,1/28/2023,P012,Yoga Mat,Sports,30,30,900,C103,New,Debit Card
49,1/29/2023,P001,Laptop,Electronics,1,1200,1200,C104,Existing,Credit Card
50,1/29/2023,P005,Bluetooth Speaker,Electronics,1,80,80,C105,New,Cash
51,1/30/2023,P010,Coffee Maker,Home Goods,1,50,50,C106,Existing,Credit Card
52,1/30/2023,P002,Smartphone,Electronics,1,800,800,C107,New,Debit Card
53,1/31/2023,P003,Desk Chair,Furniture,1,150,150,C108,Existing,Credit Card
54,1/31/2023,P006,Running Shoes,Apparel,1,75,75,C109,New,Credit Card
55,2/1/2023,P007,Cookbook,Books,1,25,25,C101,New,Cash
56,2/1/2023,P011,Blender,Home Goods,1,70,70,C102,Existing,Debit Card
57,2/2/2023,P004,Headphones,Electronics,1,120,120,C103,New,Credit Card
58,2/2/2023,P008,T-Shirt,Apparel,2,20,40,C104,Existing,Credit Card
59,2/3/2023,P009,Gaming Mouse,Electronics,1,45,45,C105,New,Cash
60,2/3/2023,P012,Yoga Mat,Sports,1,30,30,C106,Existing,Debit Card
61,2/4/2023,P001,Keyboard,Electronics,1,100,100,C107,New,Credit Card
62,2/4/2023,P005,Bluetooth Speaker,Electronics,1,80,80,C108,Existing,Cash
63,2/5/2023,P010,Coffee Maker,Home Goods,1,50,50,C109,New,Credit Card
64,2/5/2023,P002,Smartphone,Electronics,1,800,800,C101,New,Debit Card
65,2/6/2023,P003,Desk Chair,Furniture,10,150,1500,C102,Existing,Credit Card
66,2/6/2023,P006,Running Shoes,Apparel,5,75,375,C103,New,Credit Card
67,2/7/2023,P007,Cookbook,Books,1,25,25,C104,Existing,Cash
68,2/7/2023,P011,Blender,Home Goods,1,70,70,C105,New,Debit Card
69,2/8/2023,P004,Headphones,Electronics,20,120,2400,C106,Existing,Credit Card
70,2/8/2023,P008,T-Shirt,Apparel,3,20,60,C107,New,Credit Card
71,2/9/2023,P009,Gaming Mouse,Electronics,1,45,45,C108,Existing,Cash
72,2/9/2023,P012,Yoga Mat,Sports,1,30,30,C109,New,Debit Card
73,2/10/2023,P001,Monitor,Electronics,1,1200,1200,C101,New,Credit Card
74,2/10/2023,P005,Bluetooth Speaker,Electronics,1,80,80,C102,Existing,Cash
75,2/11/2023,P010,Coffee Maker,Home Goods,1,50,50,C103,New,Credit Card
76,2/11/2023,P002,Console,Electronics,1,800,800,C104,Existing,Debit Card
77,2/12/2023,P003,Desk Chair,Furniture,1,150,150,C105,New,Credit Card
78,2/12/2023,P006,Running Shoes,Apparel,20,75,1500,C106,Existing,Credit Card
79,2/13/2023,P007,Cookbook,Books,1,25,25,C107,New,Cash
80,2/13/2023,P011,Blender,Home Goods,1,70,70,C108,Existing,Debit Card
81,2/14/2023,P004,Headphones,Electronics,1,120,120,C109,New,Credit Card
82,2/14/2023,P008,T-Shirt,Apparel,2,20,40,C101,New,Credit Card
83,2/15/2023,P009,Gaming Mouse,Electronics,1,45,45,C102,Existing,Cash
84,2/15/2023,P012,Yoga Mat,Sports,1,30,30,C103,New,Debit Card
85,2/16/2023,P001,Keyboard,Electronics,1,100,100,C104,Existing,Credit Card
86,2/16/2023,P005,Bluetooth Speaker,Electronics,1,80,80,C105,New,Cash
87,2/17/2023,P010,Coffee Maker,Home Goods,1,50,50,C106,Existing,Credit Card
88,2/17/2023,P002,Smartphone,Electronics,1,800,800,C107,New,Debit Card
89,2/18/2023,P003,Desk Chair,Furniture,1,150,150,C108,Existing,Credit Card
90,2/18/2023,P006,Running Shoes,Apparel,1,75,75,C109,New,Credit Card
91,2/19/2023,P007,Cookbook,Books,1,25,25,C101,New,Cash
92,2/19/2023,P011,Blender,Home Goods,1,70,70,C102,Existing,Debit Card
93,2/20/2023,P004,Headphones,Electronics,1,120,120,C103,New,Credit Card
94,2/20/2023,P008,T-Shirt,Apparel,1,20,20,C104,Existing,Credit Card
95,2/21/2023,P009,Gaming Mouse,Electronics,1,45,45,C105,New,Cash
96,2/21/2023,P012,Yoga Mat,Sports,20,30,600,C106,Existing,Debit Card
97,2/22/2023,P001,Monitor,Electronics,1,1200,1200,C107,New,Credit Card
98,2/22/2023,P005,Bluetooth Speaker,Electronics,1,80,80,C108,Existing,Cash
99,2/23/2023,P010,Coffee Maker,Home Goods,20,50,1000,C109,New,Credit Card
100,2/23/2023,P002,Smartphone,Electronics,1,800,800,C101,New,Debit Card
101,2/24/2023,P003,Desk Chair,Furniture,1,150,150,C102,Existing,Credit Card
102,2/24/2023,P006,Running Shoes,Apparel,1,75,75,C103,New,Credit Card
103,2/25/2023,P007,Cookbook,Books,1,25,25,C104,Existing,Cash
104,2/25/2023,P011,Blender,Home Goods,1,70,70,C105,New,Debit Card
105,2/26/2023,P004,Headphones,Electronics,1,120,120,C106,Existing,Credit Card
106,2/26/2023,P008,T-Shirt,Apparel,2,20,40,C107,New,Credit Card
107,2/27/2023,P009,Gaming Mouse,Electronics,1,45,45,C108,Existing,Cash
108,2/27/2023,P012,Yoga Mat,Sports,1,30,30,C109,New,Debit Card
109,2/28/2023,P001,Laptop,Electronics,1,1200,1200,C101,New,Credit Card
110,2/28/2023,P005,Bluetooth Speaker,Electronics,1,80,80,C102,Existing,Cash
111,3/1/2023,P010,Coffee Maker,Home Goods,10,50,500,C103,New,Credit Card
112,3/1/2023,P002,Console,Electronics,2,800,1600,C104,Existing,Debit Card
113,3/2/2023,P003,Desk Chair,Furniture,20,150,3000,C105,New,Credit Card
114,3/2/2023,P006,Running Shoes,Apparel,1,75,75,C106,Existing,Credit Card
115,3/3/2023,P007,Cookbook,Books,1,25,25,C107,New,Cash
116,3/3/2023,P011,Blender,Home Goods,1,70,70,C108,Existing,Debit Card
117,3/4/2023,P004,Headphones,Electronics,5,120,600,C109,New,Credit Card
118,3/4/2023,P008,T-Shirt,Apparel,2,20,40,C101,New,Credit Card
119,3/5/2023,P009,Gaming Mouse,Electronics,1,45,45,C102,Existing,Cash
120,3/5/2023,P012,Yoga Mat,Sports,1,30,30,C103,New,Debit Card
121,3/6/2023,P001,Laptop,Electronics,1,1200,1200,C104,Existing,Credit Card
122,3/6/2023,P005,Bluetooth Speaker,Electronics,1,80,80,C105,New,Cash
123,3/7/2023,P010,Coffee Maker,Home Goods,1,50,50,C106,Existing,Credit Card
124,3/7/2023,P002,Console,Electronics,1,800,800,C107,New,Debit Card
125,3/8/2023,P003,Desk Chair,Furniture,1,150,150,C108,Existing,Credit Card
126,3/8/2023,P006,Running Shoes,Apparel,1,75,75,C109,New,Credit Card
127,3/9/2023,P007,Harry Potter,Books,1,300,300,C101,New,Cash
128,3/9/2023,P011,Blender,Home Goods,1,70,70,C102,Existing,Debit Card
129,3/10/2023,P004,Headphones,Electronics,1,120,120,C103,New,Credit Card
130,3/10/2023,P008,T-Shirt,Apparel,3,20,60,C104,Existing,Credit Card
131,3/11/2023,P009,Gaming Mouse,Electronics,1,45,45,C105,New,Cash
132,3/11/2023,P012,Yoga Mat,Sports,15,30,450,C106,Existing,Debit Card
133,3/12/2023,P001,Laptop,Electronics,1,1200,1200,C107,New,Credit Card
134,3/12/2023,P005,Bluetooth Speaker,Electronics,1,80,80,C108,Existing,Cash
135,3/13/2023,P010,Coffee Maker,Home Goods,1,50,50,C109,New,Credit Card
136,3/13/2023,P002,Console,Electronics,1,800,800,C101,New,Debit Card
137,3/14/2023,P003,Desk Chair,Furniture,1,150,150,C102,Existing,Credit Card
138,3/14/2023,P006,Running Shoes,Apparel,1,75,75,C103,New,Credit Card
139,3/15/2023,P007,Cookbook,Books,1,25,25,C104,Existing,Cash
140,3/15/2023,P011,Blender,Home Goods,1,70,70,C105,New,Debit Card
141,3/16/2023,P004,Headphones,Electronics,1,120,120,C106,Existing,Credit Card
142,3/16/2023,P008,T-Shirt,Apparel,2,20,40,C107,New,Credit Card
143,3/17/2023,P009,Gaming Mouse,Electronics,1,45,45,C108,Existing,Cash
144,3/17/2023,P012,Yoga Mat,Sports,1,30,30,C109,New,Debit Card
145,3/18/2023,P001,Keyboard,Electronics,1,100,100,C101,New,Credit Card
146,3/18/2023,P005,Bluetooth Speaker,Electronics,1,80,80,C102,Existing,Cash
147,3/19/2023,P010,Coffee Maker,Home Goods,1,50,50,C103,New,Credit Card
148,3/19/2023,P002,Smartphone,Electronics,1,800,800,C104,Existing,Debit Card
149,3/20/2023,P003,Desk Chair,Furniture,1,150,150,C105,New,Credit Card
150,3/20/2023,P006,Running Shoes,Apparel,1,75,75,C106,Existing,Credit Card
151,3/21/2023,P007,Cookbook,Books,1,25,25,C107,New,Cash
152,3/21/2023,P011,Blender,Home Goods,1,70,70,C108,Existing,Debit Card
153,3/22/2023,P004,Headphones,Electronics,1,120,120,C109,New,Credit Card
154,3/22/2023,P008,T-Shirt,Apparel,1,20,20,C101,New,Credit Card
155,3/23/2023,P009,Gaming Mouse,Electronics,1,45,45,C102,Existing,Cash
156,3/23/2023,P012,Yoga Mat,Sports,2,30,60,C103,New,Debit Card
157,3/24/2023,P001,Laptop,Electronics,1,1200,1200,C104,Existing,Credit Card
158,3/24/2023,P005,Bluetooth Speaker,Electronics,1,80,80,C105,New,Cash
159,3/25/2023,P010,Coffee Maker,Home Goods,1,50,50,C106,Existing,Credit Card
160,3/25/2023,P002,Smartphone,Electronics,1,800,800,C107,New,Debit Card
161,3/26/2023,P003,Desk Chair,Furniture,1,150,150,C108,Existing,Credit Card
162,3/26/2023,P006,Running Shoes,Apparel,1,75,75,C109,New,Credit Card
163,3/27/2023,P007,Cookbook,Books,1,25,25,C101,New,Cash
164,3/27/2023,P011,Blender,Home Goods,1,70,70,C102,Existing,Debit Card
165,3/28/2023,P004,Headphones,Electronics,1,120,120,C103,New,Credit Card
166,3/28/2023,P008,T-Shirt,Apparel,2,20,40,C104,Existing,Credit Card
167,3/29/2023,P009,Gaming Mouse,Electronics,1,45,45,C105,New,Cash
168,3/29/2023,P012,Yoga Mat,Sports,3,30,90,C106,Existing,Debit Card
169,3/30/2023,P001,Monitor,Electronics,1,1200,1200,C107,New,Credit Card
170,3/30/2023,P005,Bluetooth Speaker,Electronics,1,80,80,C108,Existing,Cash
171,3/31/2023,P010,Coffee Maker,Home Goods,1,50,50,C109,New,Credit Card
172,3/31/2023,P002,Monitor,Electronics,1,700,700,C101,New,Debit Card
173,4/1/2023,P003,Desk Chair,Furniture,1,150,150,C102,Existing,Credit Card
174,4/1/2023,P006,Running Shoes,Apparel,1,75,75,C103,New,Credit Card
175,4/2/2023,P007,Cookbook,Books,1,25,25,C104,Existing,Cash
176,4/2/2023,P011,Blender,Home Goods,1,70,70,C105,New,Debit Card
177,4/3/2023,P004,Headphones,Electronics,30,120,3600,C106,Existing,Credit Card
178,4/3/2023,P008,T-Shirt,Apparel,2,20,40,C107,New,Credit Card
179,4/4/2023,P009,Gaming Mouse,Electronics,1,45,45,C108,Existing,Cash
180,4/4/2023,P012,Yoga Mat,Sports,2,30,60,C109,New,Debit Card
181,4/5/2023,P001,Keyboard,Electronics,1,100,100,C101,New,Credit Card
182,4/5/2023,P005,Bluetooth Speaker,Electronics,1,80,80,C102,Existing,Cash
183,4/6/2023,P010,Coffee Maker,Home Goods,1,50,50,C103,New,Credit Card
184,4/6/2023,P002,Smartphone,Electronics,1,800,800,C104,Existing,Debit Card
185,4/7/2023,P003,Desk Chair,Furniture,30,150,4500,C105,New,Credit Card
186,4/7/2023,P006,Running Shoes,Apparel,1,75,75,C106,Existing,Credit Card
187,4/8/2023,P007,Cookbook,Books,1,25,25,C107,New,Cash
188,4/8/2023,P011,Blender,Home Goods,1,70,70,C108,Existing,Debit Card
189,4/9/2023,P004,Headphones,Electronics,1,120,120,C109,New,Credit Card
190,4/9/2023,P008,T-Shirt,Apparel,3,20,60,C101,New,Credit Card
191,4/10/2023,P009,Gaming Mouse,Electronics,1,45,45,C102,Existing,Cash
192,4/10/2023,P012,Yoga Mat,Sports,3,30,90,C103,New,Debit Card
193,4/11/2023,P001,Laptop,Electronics,1,1200,1200,C104,Existing,Credit Card
194,4/11/2023,P005,Bluetooth Speaker,Electronics,1,80,80,C105,New,Cash
195,4/12/2023,P010,Coffee Maker,Home Goods,1,50,50,C106,Existing,Credit Card
196,4/12/2023,P002,Console,Electronics,1,800,800,C107,New,Debit Card
197,4/13/2023,P003,Desk Chair,Furniture,1,150,150,C108,Existing,Credit Card
198,4/13/2023,P006,Running Shoes,Apparel,1,75,75,C109,New,Credit Card
199,4/14/2023,P007,Cookbook,Books,1,25,25,C101,New,Cash
200,4/14/2023,P011,Blender,Home Goods,1,70,70,C102,Existing,Debit Card
201,4/15/2023,P004,Headphones,Electronics,1,120,120,C103,New,Credit Card
202,4/15/2023,P008,T-Shirt,Apparel,2,20,40,C104,Existing,Credit Card
203,4/16/2023,P009,Gaming Mouse,Electronics,1,45,45,C105,New,Cash
204,4/16/2023,P012,Yoga Mat,Sports,2,30,60,C106,Existing,Debit Card
205,4/17/2023,P001,Keyboard,Electronics,1,100,100,C107,New,Credit Card
206,4/17/2023,P005,Bluetooth Speaker,Electronics,1,80,80,C108,Existing,Cash
207,4/18/2023,P010,Coffee Maker,Home Goods,1,50,50,C109,New,Credit Card
208,4/18/2023,P002,Smartphone,Electronics,1,800,800,C101,New,Debit Card
209,4/19/2023,P003,Desk Chair,Furniture,1,150,150,C102,Existing,Credit Card
210,4/19/2023,P006,Running Shoes,Apparel,1,75,75,C103,New,Credit Card
211,4/20/2023,P007,Cookbook,Books,1,25,25,C104,Existing,Cash
212,4/20/2023,P011,Blender,Home Goods,1,70,70,C105,New,Debit Card
213,4/21/2023,P004,Headphones,Electronics,1,120,120,C106,Existing,Credit Card
214,4/21/2023,P008,T-Shirt,Apparel,1,20,20,C107,New,Credit Card
215,4/22/2023,P009,Gaming Mouse,Electronics,1,45,45,C108,Existing,Cash
216,4/22/2023,P012,Yoga Mat,Sports,3,30,90,C109,New,Debit Card
217,4/23/2023,P001,Laptop,Electronics,1,1200,1200,C101,New,Credit Card
218,4/23/2023,P005,Bluetooth Speaker,Electronics,1,80,80,C102,Existing,Cash
219,4/24/2023,P010,Coffee Maker,Home Goods,1,50,50,C103,New,Credit Card
220,4/24/2023,P002,Smartphone,Electronics,1,800,800,C104,Existing,Debit Card
221,4/25/2023,P003,Desk Chair,Furniture,1,150,150,C105,New,Credit Card
222,4/25/2023,P006,Running Shoes,Apparel,1,75,75,C106,Existing,Credit Card
223,4/26/2023,P007,Cookbook,Books,1,25,25,C107,New,Cash
224,4/26/2023,P011,Blender,Home Goods,1,70,70,C108,Existing,Debit Card
225,4/27/2023,P004,Headphones,Electronics,1,120,120,C109,New,Credit Card
226,4/27/2023,P008,T-Shirt,Apparel,2,20,40,C101,New,Credit Card
227,4/28/2023,P009,Gaming Mouse,Electronics,1,45,45,C102,Existing,Cash
228,4/28/2023,P012,Yoga Mat,Sports,1,30,30,C103,New,Debit Card
229,4/29/2023,P001,Laptop,Electronics,1,1200,1200,C104,Existing,Credit Card
230,4/29/2023,P005,Bluetooth Speaker,Electronics,1,80,80,C105,New,Cash
231,4/30/2023,P010,Coffee Maker,Home Goods,1,50,50,C106,Existing,Credit Card
232,4/30/2023,P002,Console,Electronics,1,800,800,C107,New,Debit Card
233,5/1/2023,P003,Desk Chair,Furniture,1,150,150,C108,Existing,Credit Card
234,5/1/2023,P006,Running Shoes,Apparel,1,75,75,C109,New,Credit Card
235,5/2/2023,P007,Cookbook,Books,1,25,25,C101,New,Cash
236,5/2/2023,P011,Blender,Home Goods,1,70,70,C102,Existing,Debit Card
237,5/3/2023,P004,Headphones,Electronics,1,120,120,C103,New,Credit Card
238,5/3/2023,P008,T-Shirt,Apparel,2,20,40,C104,Existing,Credit Card
239,5/4/2023,P009,Gaming Mouse,Electronics,1,45,45,C105,New,Cash
240,5/4/2023,P012,Yoga Mat,Sports,1,30,30,C106,Existing,Debit Card
241,5/5/2023,P001,Keyboard,Electronics,1,100,100,C107,New,Credit Card
242,5/5/2023,P005,Bluetooth Speaker,Electronics,1,80,80,C108,Existing,Cash
243,5/6/2023,P010,Coffee Maker,Home Goods,1,50,50,C109,New,Credit Card
244,5/6/2023,P002,Smartphone,Electronics,1,800,800,C101,New,Debit Card
245,5/7/2023,P003,Desk Chair,Furniture,1,150,150,C102,Existing,Credit Card
246,5/7/2023,P006,Running Shoes,Apparel,1,75,75,C103,New,Credit Card
247,5/8/2023,P007,Cookbook,Books,1,25,25,C104,Existing,Cash
248,5/8/2023,P011,Blender,Home Goods,1,70,70,C105,New,Debit Card
249,5/9/2023,P004,Headphones,Electronics,1,120,120,C106,Existing,Credit Card
250,5/9/2023,P008,T-Shirt,Apparel,3,20,60,C107,New,Credit Card
251,5/10/2023,P009,Gaming Mouse,Electronics,1,45,45,C108,Existing,Cash
252,5/10/2023,P012,Yoga Mat,Sports,2,30,60,C109,New,Debit Card
253,5/11/2023,P001,Laptop,Electronics,1,1200,1200,C101,New,Credit Card
254,5/11/2023,P005,Bluetooth Speaker,Electronics,1,80,80,C102,Existing,Cash
255,5/12/2023,P010,Coffee Maker,Home Goods,1,50,50,C103,New,Credit Card
256,5/12/2023,P002,Smartphone,Electronics,1,800,800,C104,Existing,Debit Card
257,5/13/2023,P003,Desk Chair,Furniture,1,150,150,C105,New,Credit Card
258,5/13/2023,P006,Running Shoes,Apparel,1,75,75,C106,Existing,Credit Card
259,5/14/2023,P007,Cookbook,Books,1,25,25,C107,New,Cash
260,5/14/2023,P011,Blender,Home Goods,1,70,70,C108,Existing,Debit Card
261,5/15/2023,P004,Headphones,Electronics,1,120,120,C109,New,Credit Card
262,5/15/2023,P008,T-Shirt,Apparel,2,20,40,C101,New,Credit Card
263,5/16/2023,P009,Gaming Mouse,Electronics,1,45,45,C102,Existing,Cash
264,5/16/2023,P012,Yoga Mat,Sports,1,30,30,C103,New,Debit Card
265,5/17/2023,P001,Laptop,Electronics,1,1200,1200,C104,Existing,Credit Card
266,5/17/2023,P005,Bluetooth Speaker,Electronics,1,80,80,C105,New,Cash
267,5/18/2023,P010,Coffee Maker,Home Goods,1,50,50,C106,Existing,Credit Card
268,5/18/2023,P002,Smartphone,Electronics,1,800,800,C107,New,Debit Card
269,5/19/2023,P003,Desk Chair,Furniture,1,150,150,C108,Existing,Credit Card
270,5/19/2023,P006,Running Shoes,Apparel,1,75,75,C109,New,Credit Card
271,5/20/2023,P007,Cookbook,Books,1,25,25,C101,New,Cash
272,5/20/2023,P011,Blender,Home Goods,1,70,70,C102,Existing,Debit Card
273,5/21/2023,P004,Headphones,Electronics,1,120,120,C103,New,Credit Card
274,5/21/2023,P008,T-Shirt,Apparel,1,20,20,C104,Existing,Credit Card
275,5/22/2023,P009,Gaming Mouse,Electronics,1,45,45,C105,New,Cash
276,5/22/2023,P012,Yoga Mat,Sports,1,30,30,C106,Existing,Debit Card
277,5/23/2023,P001,Keyboard,Electronics,1,100,100,C107,New,Credit Card
278,5/23/2023,P005,Bluetooth Speaker,Electronics,1,80,80,C108,Existing,Cash
279,5/24/2023,P010,Coffee Maker,Home Goods,1,50,50,C109,New,Credit Card
280,5/24/2023,P002,Smartphone,Electronics,1,800,800,C101,New,Debit Card
281,5/25/2023,P003,Desk Chair,Furniture,1,150,150,C102,Existing,Credit Card
282,5/25/2023,P006,Running Shoes,Apparel,1,75,75,C103,New,Credit Card
283,5/26/2023,P007,Cookbook,Books,1,25,25,C104,Existing,Cash
284,5/26/2023,P011,Blender,Home Goods,1,70,70,C105,New,Debit Card
285,5/27/2023,P004,Headphones,Electronics,1,120,120,C106,Existing,Credit Card
286,5/27/2023,P008,T-Shirt,Apparel,2,20,40,C107,New,Credit Card
287,5/28/2023,P009,Gaming Mouse,Electronics,1,45,45,C108,Existing,Cash
288,5/28/2023,P012,Yoga Mat,Sports,1,30,30,C109,New,Debit Card
289,5/29/2023,P001,Laptop,Electronics,1,1200,1200,C101,New,Credit Card
290,5/29/2023,P005,Bluetooth Speaker,Electronics,1,80,80,C102,Existing,Cash
291,5/30/2023,P010,Coffee Maker,Home Goods,1,50,50,C103,New,Credit Card
292,5/30/2023,P002,Smartphone,Electronics,1,800,800,C104,Existing,Debit Card
293,5/31/2023,P003,Desk Chair,Furniture,1,150,150,C105,New,Credit Card
294,5/31/2023,P006,Running Shoes,Apparel,1,75,75,C106,Existing,Credit Card
295,6/1/2023,P007,Harry Potter,Books,1,300,300,C107,New,Cash
296,6/1/2023,P011,Blender,Home Goods,1,70,70,C108,Existing,Debit Card
297,6/2/2023,P004,Headphones,Electronics,1,120,120,C109,New,Credit Card
298,6/2/2023,P008,T-Shirt,Apparel,2,20,40,C101,New,Credit Card
299,6/3/2023,P009,Gaming Mouse,Electronics,1,45,45,C102,Existing,Cash
300,6/3/2023,P012,Yoga Mat,Sports,1,30,30,C103,New,Debit Card
301,6/4/2023,P001,Laptop,Electronics,1,1200,1200,C104,Existing,Credit Card
302,6/4/2023,P005,Bluetooth Speaker,Electronics,1,80,80,C105,New,Cash
303,6/5/2023,P010,Coffee Maker,Home Goods,1,50,50,C106,Existing,Credit Card
304,6/5/2023,P002,Smartphone,Electronics,1,800,800,C107,New,Debit Card
305,6/6/2023,P003,Desk Chair,Furniture,1,150,150,C108,Existing,Credit Card
306,6/6/2023,P006,Running Shoes,Apparel,1,75,75,C109,New,Credit Card
307,6/7/2023,P007,Cookbook,Books,1,25,25,C101,New,Cash
308,6/7/2023,P011,Blender,Home Goods,1,70,70,C102,Existing,Debit Card
309,6/8/2023,P004,Headphones,Electronics,1,120,120,C103,New,Credit Card
310,6/8/2023,P008,T-Shirt,Apparel,3,20,60,C104,Existing,Credit Card
311,6/9/2023,P009,Gaming Mouse,Electronics,1,45,45,C105,New,Cash
312,6/9/2023,P012,Yoga Mat,Sports,1,30,30,C106,Existing,Debit Card
313,6/10/2023,P001,Monitor,Electronics,1,1200,1200,C107,New,Credit Card
314,6/10/2023,P005,Bluetooth Speaker,Electronics,1,80,80,C108,Existing,Cash
315,6/11/2023,P010,Coffee Maker,Home Goods,1,50,50,C109,New,Credit Card
316,6/11/2023,P002,Console,Electronics,1,800,800,C101,New,Debit Card
317,6/12/2023,P003,Desk Chair,Furniture,15,150,2250,C102,Existing,Credit Card
318,6/12/2023,P006,Running Shoes,Apparel,1,75,75,C103,New,Credit Card
319,6/13/2023,P007,Cookbook,Books,1,25,25,C104,Existing,Cash
320,6/13/2023,P011,Blender,Home Goods,1,70,70,C105,New,Debit Card
321,6/14/2023,P004,Headphones,Electronics,1,120,120,C106,Existing,Credit Card
322,6/14/2023,P008,T-Shirt,Apparel,2,20,40,C107,New,Credit Card
323,6/15/2023,P009,Gaming Mouse,Electronics,1,45,45,C108,Existing,Cash
324,6/15/2023,P012,Yoga Mat,Sports,1,30,30,C109,New,Debit Card
325,6/16/2023,P001,Keyboard,Electronics,1,100,100,C101,New,Credit Card
326,6/16/2023,P005,Bluetooth Speaker,Electronics,1,80,80,C102,Existing,Cash
327,6/17/2023,P010,Coffee Maker,Home Goods,1,50,50,C103,New,Credit Card
328,6/17/2023,P002,Console,Electronics,1,800,800,C104,Existing,Debit Card
329,6/18/2023,P003,Desk Chair,Furniture,1,150,150,C105,New,Credit Card
330,6/18/2023,P006,Running Shoes,Apparel,1,75,75,C106,Existing,Credit Card
331,6/19/2023,P007,Cookbook,Books,1,25,25,C107,New,Cash
332,6/19/2023,P011,Blender,Home Goods,1,70,70,C108,Existing,Debit Card
333,6/20/2023,P004,Headphones,Electronics,1,120,120,C109,New,Credit Card
334,6/20/2023,P008,T-Shirt,Apparel,1,20,20,C101,New,Credit Card
335,6/21/2023,P009,Gaming Mouse,Electronics,1,45,45,C102,Existing,Cash
336,6/21/2023,P012,Yoga Mat,Sports,1,30,30,C103,New,Debit Card
337,6/22/2023,P001,Keyboard,Electronics,1,100,100,C104,Existing,Credit Card
338,6/22/2023,P005,Bluetooth Speaker,Electronics,1,80,80,C105,New,Cash
339,6/23/2023,P010,Coffee Maker,Home Goods,1,50,50,C106,Existing,Credit Card
340,6/23/2023,P002,Monitor,Electronics,1,800,800,C107,New,Debit Card
341,6/24/2023,P003,Desk Chair,Furniture,1,150,150,C108,Existing,Credit Card
342,6/24/2023,P006,Running Shoes,Apparel,1,75,75,C109,New,Credit Card
343,6/25/2023,P007,Cookbook,Books,1,25,25,C101,New,Cash
344,6/25/2023,P011,Blender,Home Goods,1,70,70,C102,Existing,Debit Card
345,6/26/2023,P004,Headphones,Electronics,1,120,120,C103,New,Credit Card
346,6/26/2023,P008,T-Shirt,Apparel,2,20,40,C104,Existing,Credit Card
347,6/27/2023,P009,Gaming Mouse,Electronics,1,45,45,C105,New,Cash
348,6/27/2023,P012,Yoga Mat,Sports,1,30,30,C106,Existing,Debit Card
349,6/28/2023,P001,Keyboard,Electronics,1,100,100,C107,New,Credit Card
350,6/28/2023,P005,Bluetooth Speaker,Electronics,1,80,80,C108,Existing,Cash
351,6/29/2023,P010,Coffee Maker,Home Goods,1,50,50,C109,New,Credit Card
352,6/29/2023,P002,Smartphone,Electronics,1,800,800,C101,New,Debit Card
353,6/30/2023,P003,Desk Chair,Furniture,1,150,150,C102,Existing,Credit Card
354,6/30/2023,P006,Running Shoes,Apparel,1,75,75,C103,New,Credit Card
355,7/1/2023,P007,Cookbook,Books,1,25,25,C104,Existing,Cash
356,7/1/2023,P011,Blender,Home Goods,1,70,70,C105,New,Debit Card
357,7/2/2023,P004,Headphones,Electronics,1,120,120,C106,Existing,Credit Card
358,7/2/2023,P008,T-Shirt,Apparel,2,20,40,C107,New,Credit Card
359,7/3/2023,P009,Gaming Mouse,Electronics,1,45,45,C108,Existing,Cash
360,7/3/2023,P012,Yoga Mat,Sports,1,30,30,C109,New,Debit Card
361,7/4/2023,P001,Keyboard,Electronics,1,100,100,C101,New,Credit Card
362,7/4/2023,P005,Bluetooth Speaker,Electronics,1,80,80,C102,Existing,Cash
363,7/5/2023,P010,Coffee Maker,Home Goods,1,50,50,C103,New,Credit Card
364,7/5/2023,P002,Smartphone,Electronics,1,800,800,C104,Existing,Debit Card
365,7/6/2023,P003,Desk Chair,Furniture,1,150,150,C105,New,Credit Card
366,7/6/2023,P006,Running Shoes,Apparel,1,75,75,C106,Existing,Credit Card
367,7/7/2023,P007,Cookbook,Books,1,25,25,C107,New,Cash
368,7/7/2023,P011,Blender,Home Goods,1,70,70,C108,Existing,Debit Card
369,7/8/2023,P004,Headphones,Electronics,1,120,120,C109,New,Credit Card
370,7/8/2023,P008,T-Shirt,Apparel,3,20,60,C101,New,Credit Card
371,7/9/2023,P009,Gaming Mouse,Electronics,1,45,45,C102,Existing,Cash
372,7/9/2023,P012,Yoga Mat,Sports,1,30,30,C103,New,Debit Card
373,7/10/2023,P001,Keyboard,Electronics,1,100,100,C104,Existing,Credit Card
374,7/10/2023,P005,Bluetooth Speaker,Electronics,1,80,80,C105,New,Cash
375,7/11/2023,P010,Coffee Maker,Home Goods,1,50,50,C106,Existing,Credit Card
376,7/11/2023,P002,Monitor,Electronics,1,800,800,C107,New,Debit Card
377,7/12/2023,P003,Desk Chair,Furniture,1,150,150,C108,Existing,Credit Card
378,7/12/2023,P006,Running Shoes,Apparel,1,75,75,C109,New,Credit Card
379,7/13/2023,P007,Cookbook,Books,1,25,25,C101,New,Cash
380,7/13/2023,P011,Blender,Home Goods,1,70,70,C102,Existing,Debit Card
381,7/14/2023,P004,Headphones,Electronics,1,120,120,C103,New,Credit Card
382,7/14/2023,P008,T-Shirt,Apparel,2,20,40,C104,Existing,Credit Card
383,7/15/2023,P009,Gaming Mouse,Electronics,1,45,45,C105,New,Cash
384,7/15/2023,P012,Yoga Mat,Sports,1,30,30,C106,Existing,Debit Card
385,7/16/2023,P001,Laptop,Electronics,1,1200,1200,C107,New,Credit Card
386,7/16/2023,P005,Bluetooth Speaker,Electronics,1,80,80,C108,Existing,Cash
387,7/17/2023,P010,Coffee Maker,Home Goods,1,50,50,C109,New,Credit Card
388,7/17/2023,P002,Smartphone,Electronics,1,800,800,C101,New,Debit Card
389,7/18/2023,P003,Desk Chair,Furniture,1,150,150,C102,Existing,Credit Card
390,7/18/2023,P006,Running Shoes,Apparel,1,75,75,C103,New,Credit Card
391,7/19/2023,P007,Cookbook,Books,1,25,25,C104,Existing,Cash
392,7/19/2023,P011,Blender,Home Goods,1,70,70,C105,New,Debit Card
393,7/20/2023,P004,Headphones,Electronics,1,120,120,C106,Existing,Credit Card
394,7/20/2023,P008,T-Shirt,Apparel,1,20,20,C107,New,Credit Card
395,7/21/2023,P009,Gaming Mouse,Electronics,1,45,45,C108,Existing,Cash
396,7/21/2023,P012,Yoga Mat,Sports,1,30,30,C109,New,Debit Card
397,7/22/2023,P001,Keyboard,Electronics,1,100,100,C101,New,Credit Card
398,7/22/2023,P005,Bluetooth Speaker,Electronics,1,80,80,C102,Existing,Cash
399,7/23/2023,P010,Coffee Maker,Home Goods,1,50,50,C103,New,Credit Card
400,7/23/2023,P002,Smartphone,Electronics,1,800,800,C104,Existing,Debit Card
401,7/24/2023,P003,Desk Chair,Furniture,1,150,150,C105,New,Credit Card
402,7/24/2023,P006,Running Shoes,Apparel,1,75,75,C106,Existing,Credit Card
403,7/25/2023,P007,Harry Potter,Books,10,300,3000,C107,New,Cash
404,7/25/2023,P011,Blender,Home Goods,1,70,70,C108,Existing,Debit Card
405,7/26/2023,P004,Headphones,Electronics,1,120,120,C109,New,Credit Card
406,7/26/2023,P008,T-Shirt,Apparel,2,20,40,C101,New,Credit Card
407,7/27/2023,P009,Gaming Mouse,Electronics,1,45,45,C102,Existing,Cash
408,7/27/2023,P012,Yoga Mat,Sports,1,30,30,C103,New,Debit Card
409,7/28/2023,P001,Keyboard,Electronics,1,100,100,C104,Existing,Credit Card
410,7/28/2023,P005,Bluetooth Speaker,Electronics,1,80,80,C105,New,Cash
411,7/29/2023,P010,Coffee Maker,Home Goods,1,50,50,C106,Existing,Credit Card
412,7/29/2023,P002,Smartphone,Electronics,1,800,800,C107,New,Debit Card
413,7/30/2023,P003,Desk Chair,Furniture,1,150,150,C108,Existing,Credit Card
414,7/30/2023,P006,Running Shoes,Apparel,1,75,75,C109,New,Credit Card
415,7/31/2023,P007,Cookbook,Books,1,25,25,C101,New,Cash
416,7/31/2023,P011,Blender,Home Goods,1,70,70,C102,Existing,Debit Card
417,8/1/2023,P004,Headphones,Electronics,1,120,120,C103,New,Credit Card
418,8/1/2023,P008,T-Shirt,Apparel,2,20,40,C104,Existing,Credit Card
419,8/2/2023,P009,Gaming Mouse,Electronics,1,45,45,C105,New,Cash
420,8/2/2023,P012,Yoga Mat,Sports,1,30,30,C106,Existing,Debit Card
421,8/3/2023,P001,Keyboard,Electronics,1,100,100,C107,New,Credit Card
422,8/3/2023,P005,Bluetooth Speaker,Electronics,1,80,80,C108,Existing,Cash
423,8/4/2023,P010,Coffee Maker,Home Goods,1,50,50,C109,New,Credit Card
424,8/4/2023,P002,Smartphone,Electronics,1,800,800,C101,New,Debit Card
425,8/5/2023,P003,Desk Chair,Furniture,1,150,150,C102,Existing,Credit Card
426,8/5/2023,P006,Running Shoes,Apparel,1,75,75,C103,New,Credit Card
427,8/6/2023,P007,Cookbook,Books,1,25,25,C104,Existing,Cash
428,8/6/2023,P011,Blender,Home Goods,1,70,70,C105,New,Debit Card
429,8/7/2023,P004,Headphones,Electronics,1,120,120,C106,Existing,Credit Card
430,8/7/2023,P008,T-Shirt,Apparel,3,20,60,C107,New,Credit Card
431,8/8/2023,P009,Gaming Mouse,Electronics,1,45,45,C108,Existing,Cash
432,8/8/2023,P012,Yoga Mat,Sports,1,30,30,C109,New,Debit Card
433,8/9/2023,P001,Keyboard,Electronics,1,100,100,C101,New,Credit Card
434,8/9/2023,P005,Bluetooth Speaker,Electronics,1,80,80,C102,Existing,Cash
435,8/10/2023,P010,Coffee Maker,Home Goods,1,50,50,C103,New,Credit Card
436,8/10/2023,P002,Smartphone,Electronics,1,800,800,C104,Existing,Debit Card
437,8/11/2023,P003,Desk Chair,Furniture,1,150,150,C105,New,Credit Card
438,8/11/2023,P006,Running Shoes,Apparel,1,75,75,C106,Existing,Credit Card
439,8/12/2023,P007,Cookbook,Books,1,25,25,C107,New,Cash
440,8/12/2023,P011,Blender,Home Goods,1,70,70,C108,Existing,Debit Card
441,8/13/2023,P004,Headphones,Electronics,1,120,120,C109,New,Credit Card
442,8/13/2023,P008,T-Shirt,Apparel,2,20,40,C101,New,Credit Card
443,8/14/2023,P009,Gaming Mouse,Electronics,1,45,45,C102,Existing,Cash
444,8/14/2023,P012,Yoga Mat,Sports,3,30,90,C103,New,Debit Card
445,8/15/2023,P001,Keyboard,Electronics,1,100,100,C104,Existing,Credit Card
446,8/15/2023,P005,Bluetooth Speaker,Electronics,1,80,80,C105,New,Cash
447,8/16/2023,P010,Coffee Maker,Home Goods,1,50,50,C106,Existing,Credit Card
448,8/16/2023,P002,Smartphone,Electronics,1,800,800,C107,New,Debit Card
449,8/17/2023,P003,Desk Chair,Furniture,1,150,150,C108,Existing,Credit Card
450,8/17/2023,P006,Running Shoes,Apparel,1,75,75,C109,New,Credit Card
451,8/18/2023,P007,Cookbook,Books,1,25,25,C101,New,Cash
452,8/18/2023,P011,Blender,Home Goods,1,70,70,C102,Existing,Debit Card
453,8/19/2023,P004,Headphones,Electronics,1,120,120,C103,New,Credit Card
454,8/19/2023,P008,T-Shirt,Apparel,1,20,20,C104,Existing,Credit Card
455,8/20/2023,P009,Gaming Mouse,Electronics,1,45,45,C105,New,Cash
456,8/20/2023,P012,Yoga Mat,Sports,1,30,30,C106,Existing,Debit Card
457,8/21/2023,P001,Laptop,Electronics,1,1200,1200,C107,New,Credit Card
458,8/21/2023,P005,Bluetooth Speaker,Electronics,1,80,80,C108,Existing,Cash
459,8/22/2023,P010,Coffee Maker,Home Goods,1,50,50,C109,New,Credit Card
460,8/22/2023,P002,Smartphone,Electronics,1,800,800,C101,New,Debit Card
461,8/23/2023,P003,Desk Chair,Furniture,1,150,150,C102,Existing,Credit Card
462,8/23/2023,P006,Running Shoes,Apparel,1,75,75,C103,New,Credit Card
463,8/24/2023,P007,Cookbook,Books,1,25,25,C104,Existing,Cash
464,8/24/2023,P011,Blender,Home Goods,1,70,70,C105,New,Debit Card
465,8/25/2023,P004,Headphones,Electronics,1,120,120,C106,Existing,Credit Card
466,8/25/2023,P008,T-Shirt,Apparel,2,20,40,C107,New,Credit Card
467,8/26/2023,P009,Gaming Mouse,Electronics,1,45,45,C108,Existing,Cash
468,8/26/2023,P012,Yoga Mat,Sports,1,30,30,C109,New,Debit Card
469,8/27/2023,P001,Laptop,Electronics,1,1200,1200,C101,New,Credit Card
470,8/27/2023,P005,Bluetooth Speaker,Electronics,1,80,80,C102,Existing,Cash
471,8/28/2023,P010,Coffee Maker,Home Goods,1,50,50,C103,New,Credit Card
472,8/28/2023,P002,Smartphone,Electronics,1,800,800,C104,Existing,Debit Card
473,8/29/2023,P003,Desk Chair,Furniture,1,150,150,C105,New,Credit Card
474,8/29/2023,P006,Running Shoes,Apparel,1,75,75,C106,Existing,Credit Card
475,8/30/2023,P007,Cookbook,Books,1,25,25,C107,New,Cash
476,8/30/2023,P011,Blender,Home Goods,1,70,70,C108,Existing,Debit Card
477,8/31/2023,P004,Headphones,Electronics,1,120,120,C109,New,Credit Card
478,8/31/2023,P008,T-Shirt,Apparel,2,20,40,C101,New,Credit Card
479,9/1/2023,P009,Gaming Mouse,Electronics,1,45,45,C102,Existing,Cash
480,9/1/2023,P012,Yoga Mat,Sports,1,30,30,C103,New,Debit Card
481,9/2/2023,P001,Keyboard,Electronics,1,100,100,C104,Existing,Credit Card
482,9/2/2023,P005,Bluetooth Speaker,Electronics,1,80,80,C105,New,Cash
483,9/3/2023,P010,Coffee Maker,Home Goods,1,50,50,C106,Existing,Credit Card
484,9/3/2023,P002,Smartphone,Electronics,1,800,800,C107,New,Debit Card
485,9/4/2023,P003,Desk Chair,Furniture,1,150,150,C108,Existing,Credit Card
486,9/4/2023,P006,Running Shoes,Apparel,1,75,75,C109,New,Credit Card
487,9/5/2023,P007,Cookbook,Books,1,25,25,C101,New,Cash
488,9/5/2023,P011,Blender,Home Goods,1,70,70,C102,Existing,Debit Card
489,9/6/2023,P004,Headphones,Electronics,1,120,120,C103,New,Credit Card
490,9/6/2023,P008,T-Shirt,Apparel,3,20,60,C104,Existing,Credit Card
491,9/7/2023,P009,Gaming Mouse,Electronics,1,45,45,C105,New,Cash
492,9/7/2023,P012,Yoga Mat,Sports,1,30,30,C106,Existing,Debit Card
493,9/8/2023,P001,Keyboard,Electronics,1,100,100,C107,New,Credit Card
494,9/8/2023,P005,Bluetooth Speaker,Electronics,1,80,80,C108,Existing,Cash
495,9/9/2023,P010,Coffee Maker,Home Goods,1,50,50,C109,New,Credit Card
496,9/9/2023,P002,Smartphone,Electronics,1,800,800,C101,New,Debit Card
497,9/10/2023,P003,Desk Chair,Furniture,1,150,150,C102,Existing,Credit Card
498,9/10/2023,P006,Running Shoes,Apparel,1,75,75,C103,New,Credit Card
499,9/11/2023,P007,Cookbook,Books,1,25,25,C104,Existing,Cash
500,9/11/2023,P011,Blender,Home Goods,1,70,70,C105,New,Debit Card
501,9/12/2023,P004,Headphones,Electronics,1,120,120,C106,Existing,Credit Card
502,9/12/2023,P008,T-Shirt,Apparel,2,20,40,C107,New,Credit Card
503,9/13/2023,P009,Gaming Mouse,Electronics,1,45,45,C108,Existing,Cash
504,9/13/2023,P012,Yoga Mat,Sports,2,30,60,C109,New,Debit Card
